instance_index,feasible,candidates,feasible_candidates,pgm_failed_batch_points,pgm_failed_candidates,native_pgm_wrong_branch_points,native_pgm_wrong_branch_candidates,fixed_pv_fallback_points,fixed_pv_fallback_candidates,final_failed_batch_points,final_failed_candidates,best_candidate_index,best_feasible_candidate_index,best_all_candidate_index,cost_available,feasible_cost,all_cost,best_cost,generation_seconds,pgm_batch_seconds,pgm_prepare_seconds,pgm_power_flow_seconds,pgm_extract_seconds,fixed_pv_newton_seconds,constraint_evaluation_seconds,total_seconds,batch_points,pv_iterations,max_batch_pv_voltage_error_pu,maximum_violation,max_pf_residual_mva,violation_pg,violation_qg,violation_voltage,violation_angle,violation_thermal,violation_ramp
2094,1,10,10,6,2,2,2,8,2,0,0,3,3,3,1,1661998.744360507,1661998.744360507,1661998.744360507,0.015501100046094507,2.462411399988923,2.0138279999955557,0.1845162999816239,0.2640401999815367,1.9855847000144422,0.28147629997693,2.7593888000119478,3010,5,2.879252392062881e-11,1.991251145453767e-08,3.5566206245005495e-11,0.0,0.0,1.991251145453767e-08,0.0,0.0,0.0
337,1,10,10,0,0,0,0,0,0,0,0,9,9,9,1,1669753.4835379994,1669753.4835379994,1669753.4835379994,0.009473700018133968,1.4234728000010364,1.0033036000095308,0.15115709998644888,0.26896419998956844,0.9786459000315517,0.29726289998507127,1.7302094000042416,3010,5,2.594724435311946e-11,1.9910743424370954e-08,4.344477118820731e-11,0.0,0.0,1.9910743424370954e-08,0.0,0.0,0.0
2130,1,10,9,5,1,2,1,7,1,0,0,2,2,2,1,1645461.2013676926,1645461.2013676926,1645461.2013676926,0.01748160005081445,1.4183592000044882,0.9845898000057787,0.16554690001066774,0.2682020000065677,0.959961399959866,0.30123969999840483,1.7370805000537075,3010,5,2.6249336038119964e-11,1.988502880874893e-08,3.2157112530015534e-11,0.0,0.0,1.988502880874893e-08,0.0,0.0,0.0
3070,1,10,10,109,5,16,2,125,5,0,0,9,9,9,1,1658478.2526164784,1658478.2526164784,1658478.2526164784,0.009043400001246482,1.4761287000146694,0.9785941000445746,0.20957649999763817,0.2879432999761775,0.9531024000025354,0.29969259997596964,1.7848646999918856,3010,5,1.8851809002740083e-11,1.988944287045767e-08,4.1531194531148655e-11,0.0,0.0,1.988944287045767e-08,0.0,0.0,0.0
2527,1,10,10,4,1,0,0,4,1,0,0,3,3,3,1,1690218.9253272722,1690218.9253272722,1690218.9253272722,0.01244120002957061,1.397418899985496,0.9782048999913968,0.1666387000004761,0.25256199995055795,0.9539809999987483,0.2978974999859929,1.7077576000010595,3010,5,3.0856761590314363e-11,1.9889503932724023e-08,1.1638430831759228e-10,0.0,0.0,1.9889503932724023e-08,0.0,0.0,0.0
1936,1,10,10,0,0,0,0,0,0,0,0,3,3,3,1,1454141.1808646673,1454141.1808646673,1454141.1808646673,0.008795699977781624,1.4094610999454744,0.984219599980861,0.14778309996472672,0.27741270000115037,0.9574381000129506,0.29731910006375983,1.7155758999870159,3010,5,1.1689205159370886e-11,2.243939567492248e-07,3.346540491085267e-11,0.0,0.0,1.9904994319475106e-08,0.0,0.0,2.243939567492248e-07
2921,1,10,10,7,2,2,1,9,2,0,0,5,5,5,1,1652185.3098415465,1652185.3098415465,1652185.3098415465,0.009180799999739975,1.4166490000206977,0.9754949000198394,0.1671654999954626,0.2739737000083551,0.9501906000077724,0.3044965999433771,1.7303263999638148,3010,5,2.0422441515677292e-11,1.994492349055575e-08,4.637558215335787e-11,0.0,0.0,1.994492349055575e-08,0.0,0.0,0.0
3074,1,10,10,0,0,0,0,0,0,0,0,3,3,3,1,1537695.0456445995,1537695.0456445995,1537695.0456445995,0.008314499980770051,1.396757400012575,0.9829609000007622,0.15085939998971298,0.2628969000070356,0.9578170000459068,0.28263689996674657,1.6877087999600917,3010,5,2.858513425962883e-11,1.993621286574171e-08,3.721100418842247e-11,0.0,0.0,1.993621286574171e-08,0.0,0.0,0.0
4098,1,10,10,0,0,0,0,0,0,0,0,5,5,5,1,1682160.362439593,1682160.362439593,1682160.362439593,0.00942610000493005,1.404655999969691,0.9886366999708116,0.16711199999554083,0.24885779997566715,0.963446700014174,0.2856123000383377,1.6996944000129588,3010,5,3.025779626852909e-11,1.9073486323684108e-07,3.5501072220943695e-11,0.0,0.0,1.9908870848202754e-08,0.0,0.0,1.9073486323684108e-07
3846,1,10,10,21,2,25,1,46,2,0,0,7,7,7,1,1539907.016617239,1539907.016617239,1539907.016617239,0.012673199991695583,1.440904800023418,0.9893754000077024,0.1720793999847956,0.279433700023219,0.9639822000171989,0.3007911999593489,1.7543691999744624,3010,5,3.6746827802858206e-11,1.9888063418349572e-08,4.338090315955143e-11,0.0,0.0,1.9888063418349572e-08,0.0,0.0,0.0
225,1,10,9,2,1,0,0,2,1,0,0,4,4,4,1,1549385.7214668742,1549385.7214668742,1549385.7214668742,0.008525900018867105,1.4130159000051208,0.9787010999862105,0.1698657000088133,0.2644346000161022,0.9518961000139825,0.30116309999721125,1.7227049000211991,3010,5,1.9930612715768348e-11,1.9073486323684108e-07,4.134774750464059e-11,0.0,0.0,1.9886324068944324e-08,0.0,0.0,1.9073486323684108e-07
2205,1,10,10,5,2,0,0,5,2,0,0,7,7,7,1,1671030.504970117,1671030.504970117,1671030.504970117,0.009335799957625568,1.4290415000286885,0.9881496000452898,0.16551920003257692,0.2753588000196032,0.9605464999913238,0.29741989995818585,1.7357971999444999,3010,5,2.346400851394037e-11,1.99193957624762e-08,3.203590734189509e-11,0.0,0.0,1.99193957624762e-08,0.0,0.0,0.0
4361,1,10,10,0,0,0,0,0,0,0,0,3,3,3,1,1432386.410148062,1432386.410148062,1432386.410148062,0.010219699994195253,1.3984956000349484,0.9749692000332288,0.15630129998316988,0.2671551000094041,0.9491141000180505,0.2926300999824889,1.7013454000116326,3010,5,1.2421841333321026e-11,1.988236704904739e-08,3.5563272356394605e-11,0.0,0.0,1.988236704904739e-08,0.0,0.0,0.0
4465,1,10,10,41,1,0,0,41,1,0,0,9,9,9,1,1698921.5733755212,1698921.5733755212,1698921.5733755212,0.010360999964177608,1.430298599996604,0.9740297000389546,0.18505049997474998,0.27119420003145933,0.9491445000167005,0.30071849998785183,1.7413780999486335,3010,5,3.3771430096862787e-11,1.9915265732824595e-08,5.285346950002525e-11,0.0,0.0,1.9915265732824595e-08,0.0,0.0,0.0
4207,1,10,10,40,3,5,2,45,3,0,0,7,7,7,1,1579250.325703439,1579250.325703439,1579250.325703439,0.007849799992982298,1.4244155999622308,0.9782622999628074,0.17969439999433234,0.26644589996431023,0.95102149999002,0.311030600045342,1.743296000000555,3010,5,2.8437474597353685e-11,1.9872961609657108e-08,4.153887675225857e-11,0.0,0.0,1.9872961609657108e-08,0.0,0.0,0.0
3333,1,10,10,43,3,12,2,55,3,0,0,3,3,3,1,1571067.3187417975,1571067.3187417975,1571067.3187417975,0.008477099996525794,1.4443631999893114,1.015121000004001,0.17194929998368025,0.25726800004485995,0.988478200044483,0.2983371000154875,1.7511774000013247,3010,5,2.352396055727013e-11,1.9889492830493777e-08,4.146766685389635e-11,0.0,0.0,1.9889492830493777e-08,0.0,0.0,0.0
3009,1,10,10,0,0,0,0,0,0,0,0,5,5,5,1,1679702.75058458,1679702.75058458,1679702.75058458,0.009766199975274503,1.5318834999925457,1.0972973000025377,0.1674265000037849,0.2671138999867253,1.074241099995561,0.2898694000323303,1.8315191000001505,3010,5,2.014921562931704e-11,1.9895114259741793e-08,2.3999824798193018e-11,0.0,0.0,1.9895114259741793e-08,0.0,0.0,0.0
2038,1,10,9,33,1,0,0,33,1,0,0,8,8,8,1,1708127.4401765715,1708127.4401765715,1708127.4401765715,0.009195399994496256,1.5560715000028722,1.1075237999903038,0.1727326000109315,0.27575819997582585,1.0814751000143588,0.29345749999629334,1.8587243999936618,3010,5,2.115718711337422e-11,1.931492286111336e-07,4.016211649726086e-11,0.0,0.0,1.9867804623707724e-08,0.0,0.0,1.931492286111336e-07
715,1,10,10,18,4,8,2,26,4,0,0,2,2,2,1,1632894.6437469232,1632894.6437469232,1632894.6437469232,0.012449299974832684,1.5423903000191785,1.0774702000198886,0.1773176999995485,0.2875889000133611,1.0541147999465466,0.31232169998111203,1.8671612999751233,3010,5,2.0778601061977042e-11,1.989158467570934e-08,4.957808586077301e-11,0.0,0.0,1.989158467570934e-08,0.0,0.0,0.0
1347,1,10,10,3,1,0,0,3,1,0,0,2,2,2,1,1569694.5686306613,1569694.5686306613,1569694.5686306613,0.009174700011499226,1.4238744999747723,1.0098448999924585,0.15354550001211464,0.260462699981872,0.9847988999681547,0.2778161999885924,1.710865399974864,3010,5,2.1291413077051402e-11,1.9073486323684108e-07,4.342047682077092e-11,0.0,0.0,1.9907116695823846e-08,0.0,0.0,1.9073486323684108e-07
3572,1,10,10,2,1,0,0,2,1,0,0,1,1,1,1,1656714.2755464048,1656714.2755464048,1656714.2755464048,0.007992100028786808,1.4692934000049718,1.0252547000418417,0.17019599996274337,0.2738320999778807,1.0013169999583624,0.3189542999607511,1.7962397999945097,3010,5,2.399802578878507e-11,1.9876016573346534e-08,4.153241977965452e-11,0.0,0.0,1.9876016573346534e-08,0.0,0.0,0.0
3394,1,10,10,3,1,0,0,3,1,0,0,5,5,5,1,1663017.5950144215,1663017.5950144215,1663017.5950144215,0.010609899996779859,1.455109300033655,1.0066183999879286,0.16909570002462715,0.27937430003657937,0.9784286000067368,0.2858817999949679,1.7516010000254028,3010,5,1.97678540203583e-11,1.9929877193014517e-08,4.6455690051913216e-11,0.0,0.0,1.9929877193014517e-08,0.0,0.0,0.0
3055,1,10,10,0,0,0,0,0,0,0,0,8,8,8,1,1675140.6476993936,1675140.6476993936,1675140.6476993936,0.009333199996035546,1.4354910000110976,0.9899090999970213,0.16490329999942333,0.2806330000166781,0.9637969000032172,0.3240059000090696,1.7688301000162028,3010,5,2.134037391243737e-11,1.9918885985070728e-08,3.5162663985013385e-11,0.0,0.0,1.9918885985070728e-08,0.0,0.0,0.0
1032,1,10,10,31,4,3,3,34,4,0,0,4,4,4,1,1663507.701753998,1663507.701753998,1663507.701753998,0.011110199964605272,1.3953560000518337,0.9908607000252232,0.17083110002567992,0.2336388000403531,0.9642138000344858,0.28935999993700534,1.6958261999534443,3010,5,3.191324982054766e-11,1.4128508385446992e-07,3.5619817579487466e-11,0.0,0.0,1.9869779895505702e-08,0.0,0.0,1.4128508385446992e-07
914,1,10,10,1,1,0,0,1,1,0,0,8,8,8,1,1585069.572445863,1585069.572445863,1585069.572445863,0.009330000029876828,1.5206254000077024,1.0714466000208631,0.15790109999943525,0.2912559999967925,1.0474952000076883,0.28772209997987375,1.817677500017453,3010,5,2.8987034994543137e-11,1.989849766440934e-08,4.738540178789357e-11,0.0,0.0,1.989849766440934e-08,0.0,0.0,0.0
1524,1,10,10,20,1,0,0,20,1,0,0,4,4,4,1,1688201.6030520478,1688201.6030520478,1688201.6030520478,0.00969269999768585,1.4278924000100233,0.97684770001797,0.17941080004675314,0.2716122000128962,0.9508729000226595,0.31380419997731224,1.7513892999850214,3010,5,1.9272805573677942e-11,1.9936705064615962e-08,3.4763050017004204e-11,0.0,0.0,1.9936705064615962e-08,0.0,0.0,0.0
251,1,10,10,0,0,0,0,0,0,0,0,8,8,8,1,1403743.49332903,1403743.49332903,1403743.49332903,0.008296800020616502,1.4101085000438616,0.9694474000134505,0.15954839996993542,0.2810747000039555,0.9443733000080101,0.29714929999317974,1.7155546000576578,3010,5,1.4502732348375957e-11,1.9908025228332332e-08,4.146838655416946e-11,0.0,0.0,1.9908025228332332e-08,0.0,0.0,0.0
224,1,10,10,0,0,0,0,0,0,0,0,8,8,8,1,1379544.5990928188,1379544.5990928188,1379544.5990928188,0.010779200005345047,1.41672879998805,0.9781292999978177,0.15628040005685762,0.2822864000336267,0.9512657999875955,0.30218800000147894,1.729695999994874,3010,5,1.1892264950574827e-11,1.988338660385834e-08,5.281989959227265e-11,0.0,0.0,1.988338660385834e-08,0.0,0.0,0.0
529,1,10,9,0,0,0,0,0,0,0,0,4,4,5,1,1669617.7509875195,1669617.7509875195,1669617.7509875195,0.009028000000398606,1.4460196000291035,0.9769929000176489,0.16829479997977614,0.3006685000145808,0.9498015000135638,0.2995995999663137,1.7546471999958158,3010,5,2.429190182340335e-11,9.536743172944284e-08,4.155712981775333e-11,0.0,0.0,1.9904500270229147e-08,0.0,0.0,9.536743172944284e-08
2876,1,10,10,3,2,0,0,3,2,0,0,6,6,6,1,1546567.1268305606,1546567.1268305606,1546567.1268305606,0.008801799966022372,1.4199555999948643,0.971314100024756,0.16142740001669154,0.28719030000502244,0.9465103999827988,0.32252290000906214,1.7512802999699488,3010,5,2.357603001712505e-11,1.9873135544597632e-08,4.146901567789994e-11,0.0,0.0,1.9873135544597632e-08,0.0,0.0,0.0
3237,1,10,10,86,3,92,3,178,3,0,0,3,3,3,1,1584086.4207400472,1584086.4207400472,1584086.4207400472,0.01007650000974536,1.4290050999843515,0.9703656999627128,0.1805004000198096,0.27812560001621023,0.9445134000270627,0.29347600002074614,1.732557600014843,3010,5,2.537758891918429e-11,1.9886816267818575e-08,4.154222806513785e-11,0.0,0.0,1.9886816267818575e-08,0.0,0.0,0.0
2486,1,10,9,0,0,0,0,0,0,0,0,1,1,1,1,1459951.3031848846,1459951.3031848846,1459951.3031848846,0.010071600030642003,1.4012917000218295,0.9719179000239819,0.1573729999945499,0.27195750002283603,0.9467354000080377,0.2988239999394864,1.7101872999919578,3010,5,1.486033518460772e-11,1.9867036719449023e-08,4.121132924917246e-11,0.0,0.0,1.9867036719449023e-08,0.0,0.0,0.0
29,1,10,10,23,2,10,2,33,2,0,0,7,7,7,1,1689398.616127263,1689398.616127263,1689398.616127263,0.010805599973537028,1.4146126999985427,0.9722773000248708,0.17480629996862262,0.26750379998702556,0.9467459000297822,0.29385760001605377,1.7192758999881335,3010,5,2.093070161635069e-11,9.536743172944284e-08,3.525147514635194e-11,0.0,0.0,1.997977061574117e-08,0.0,0.0,9.536743172944284e-08
104,1,10,10,3,1,0,0,3,1,0,0,9,9,9,1,1595021.8687586957,1595021.8687586957,1595021.8687586957,0.008905399998184294,1.4367026999825612,1.0017707000370137,0.16868910001358017,0.2660030000261031,0.9770380000118166,0.2943414999754168,1.7399495999561623,3010,5,2.096256501715743e-11,2.9802322387695312e-08,3.7827805249908427e-11,0.0,0.0,1.9919442946954747e-08,0.0,0.0,2.9802322387695312e-08
741,1,10,10,21,2,0,0,21,2,0,0,4,4,4,1,1728260.3354539953,1728260.3354539953,1728260.3354539953,0.009725000010803342,1.430858800013084,0.9830317000159994,0.18137430003844202,0.2664393000304699,0.9570428000297397,0.30320449999999255,1.7437883000238799,3010,5,2.8696933718208584e-11,1.9889470626033284e-08,4.683141400705604e-11,0.0,0.0,1.9889470626033284e-08,0.0,0.0,0.0
409,1,10,10,9,2,0,0,9,2,0,0,1,1,1,1,1591835.2790766887,1591835.2790766887,1591835.2790766887,0.01037129998439923,1.417868599994108,0.9852635000133887,0.17156420001992956,0.26102700002957135,0.9584429999813437,0.29744539997773245,1.7256852999562398,3010,5,2.9866109585441336e-11,1.9931763646970525e-08,3.5341175904073375e-11,0.0,0.0,1.9931763646970525e-08,0.0,0.0,0.0
2909,1,10,9,16,2,1,1,17,2,0,0,7,7,0,1,1679952.6900748855,1679952.6900748855,1679952.6900748855,0.008608600008301437,1.4549735999898985,0.9862635000026785,0.1861225999891758,0.28254399995785207,0.9606500999652781,0.2948374000261538,1.7584196000243537,3010,5,1.6116663559273547e-11,1.9923282468248244e-08,4.165002136991661e-11,0.0,0.0,1.9923282468248244e-08,0.0,0.0,0.0
2158,1,10,10,15,1,1,1,16,1,0,0,7,7,7,1,1645936.5716772703,1645936.5716772703,1645936.5716772703,0.009054700029082596,1.4675394000369124,1.0162815999938175,0.16117959999246523,0.29005599999800324,0.9894343999912962,0.2859866999206133,1.7625807999866083,3010,5,3.904010448252393e-11,1.4128508385446992e-07,1.0171521300108267e-10,0.0,0.0,1.9881561212168682e-08,0.0,0.0,1.4128508385446992e-07
4543,1,10,10,0,0,0,0,0,0,0,0,8,8,8,1,1700656.3462788973,1700656.3462788973,1700656.3462788973,0.0101402000291273,1.4388404000201263,1.0090901000075974,0.16734220000216737,0.2623619000078179,0.9820865000365302,0.28541429998585954,1.734394900035113,3010,5,2.3931523429610024e-11,1.9944529361382007e-08,3.554395007337553e-11,0.0,0.0,1.9944529361382007e-08,0.0,0.0,0.0
1136,1,10,10,0,0,0,0,0,0,0,0,4,4,4,1,1392698.3540196577,1392698.3540196577,1392698.3540196577,0.008497499977238476,1.3818851999822073,0.9864180000149645,0.13345029996708035,0.2619756999774836,0.9629974000272341,0.2925540000433102,1.682936700002756,3010,5,1.0134337813383354e-11,1.9869581905732976e-08,3.73377084132841e-11,0.0,0.0,1.9869581905732976e-08,0.0,0.0,0.0
3710,1,10,10,5,1,0,0,5,1,0,0,0,0,0,1,1650695.3676625676,1650695.3676625676,1650695.3676625676,0.009249800001271069,1.4036312999669462,0.9853633999591693,0.15117720002308488,0.2670773999998346,0.9603038000059314,0.30204080004477873,1.714921900012996,3010,5,2.8723023959287275e-11,1.9873110564579578e-08,4.167128958927466e-11,0.0,0.0,1.9873110564579578e-08,0.0,0.0,0.0
2741,1,10,10,11,3,3,2,14,3,0,0,3,3,3,1,1590746.6985161093,1590746.6985161093,1590746.6985161093,0.008968699956312776,1.4338899999856949,0.983799799985718,0.16911810002056882,0.28095819998998195,0.9531663999659941,0.3012457000440918,1.7441043999860995,3010,5,2.090383421915476e-11,1.9948727854786797e-08,4.0486309183698974e-11,0.0,0.0,1.9948727854786797e-08,0.0,0.0,0.0
2922,1,10,10,11,1,0,0,11,1,0,0,7,7,7,1,1576792.012944461,1576792.012944461,1576792.012944461,0.008875400002580136,1.1571604000055231,0.9705094000091776,0.09172389999730512,0.0949214999563992,0.9452154000173323,0.09157709998544306,1.2576128999935463,3010,5,2.4663604492047853e-11,1.987435031362374e-08,4.106793712822216e-11,0.0,0.0,1.987435031362374e-08,0.0,0.0,0.0
263,1,10,10,3,1,0,0,3,1,0,0,2,2,2,1,1582712.9466147588,1582712.9466147588,1582712.9466147588,0.0024087000056169927,1.130190700001549,0.9430845999740995,0.08997289999388158,0.09712789999321103,0.9347133999690413,0.18308909999905154,1.3156885000062175,3010,5,2.6145752229922437e-11,1.9904017323213436e-08,4.0799490788948745e-11,0.0,0.0,1.9904017323213436e-08,0.0,0.0,0.0
193,1,10,10,0,0,0,0,0,0,0,0,9,9,9,1,1575401.0376594237,1575401.0376594237,1575401.0376594237,0.009104900003876537,1.3851240000221878,0.9808539000223391,0.15593599999556318,0.24829860002500936,0.9539306999649853,0.27451539994217455,1.668744299968239,3010,5,2.1536550320888637e-11,1.988667563956879e-08,4.1387297437959915e-11,0.0,0.0,1.988667563956879e-08,0.0,0.0,0.0
4568,1,10,10,20,5,8,1,28,5,0,0,6,6,6,1,1669081.5521088755,1669081.5521088755,1669081.5521088755,0.009398800029885024,1.495000000053551,1.0403612000518478,0.17908739997074008,0.2755293000373058,1.0167712999973446,0.30231959995580837,1.8067184000392444,3010,5,2.070432714162962e-11,1.9924957054643718e-08,3.510920945804354e-11,0.0,0.0,1.9924957054643718e-08,0.0,0.0,0.0
3798,1,10,10,14,1,2,1,16,1,0,0,8,8,8,1,1653126.0551616724,1653126.0551616724,1653126.0551616724,0.007672400039155036,1.4475536000099964,0.9812666000216268,0.18472949997521937,0.28154180001001805,0.9544941000058316,0.30633940000552684,1.7615654000546783,3010,5,3.7293168553276246e-11,1.9909712767329763e-08,3.710624260535091e-11,0.0,0.0,1.9909712767329763e-08,0.0,0.0,0.0
4848,1,10,10,24,2,15,2,39,2,0,0,9,9,9,1,1591097.4759544216,1591097.4759544216,1591097.4759544216,0.00935639999806881,1.4487952999770641,0.980113799974788,0.17852670000866055,0.29013350000604987,0.9527358000050299,0.3189833000069484,1.7771349999820814,3010,5,2.6849744649837248e-11,1.98936866979693e-08,3.768633409661829e-11,0.0,0.0,1.98936866979693e-08,0.0,0.0,0.0
1820,1,10,10,16,1,5,1,21,1,0,0,1,1,1,1,1630535.6389719849,1630535.6389719849,1630535.6389719849,0.009457800013478845,1.4514285000041127,0.981282300024759,0.17824610002571717,0.2918759999447502,0.9552298000198789,0.31931300001451746,1.780199300032109,3010,5,2.5570323636259218e-11,1.9906202612200237e-08,4.6951340956205874e-11,0.0,0.0,1.9906202612200237e-08,0.0,0.0,0.0
1466,1,10,10,13,3,0,0,13,3,0,0,4,4,4,1,1537245.1013608037,1537245.1013608037,1537245.1013608037,0.008844500000122935,1.4328514999942854,0.982679900014773,0.1766329999663867,0.273516200017184,0.9567070000339299,0.2832680999999866,1.724964099994395,3010,5,1.6320500506594726e-11,1.9874170827568095e-08,1.1283557117066596e-10,0.0,0.0,1.9874170827568095e-08,0.0,0.0,0.0
2456,1,10,10,0,0,0,0,0,0,0,0,4,4,4,1,1596190.2735143963,1596190.2735143963,1596190.2735143963,0.013587499968707561,1.4113001000368968,0.9747307000216097,0.14839049999136478,0.2881381000042893,0.9492642999975942,0.30346989998361096,1.7283574999892153,3010,5,2.5502711054059546e-11,1.9910160557283026e-08,3.798493337831176e-11,0.0,0.0,1.9910160557283026e-08,0.0,0.0,0.0
1051,1,10,10,0,0,0,0,0,0,0,0,9,9,9,1,1658065.4235222917,1658065.4235222917,1658065.4235222917,0.013635899988003075,1.4285988000337966,0.983800699992571,0.16799540002830327,0.27675930003169924,0.9578079000348225,0.31151379994116724,1.753748499962967,3010,5,2.376621122124334e-11,1.9909446313803853e-08,4.746486754462988e-11,0.0,0.0,1.9909446313803853e-08,0.0,0.0,0.0
1956,1,10,10,0,0,0,0,0,0,0,0,4,4,4,1,1625213.2200483892,1625213.2200483892,1625213.2200483892,0.009698699985165149,1.4481186000048183,0.9788085999898612,0.17225160001544282,0.2970148000167683,0.9517136000213213,0.3181361999595538,1.7759534999495372,3010,5,2.438671486970634e-11,1.9906646701410087e-08,3.7571304718291903e-11,0.0,0.0,1.9906646701410087e-08,0.0,0.0,0.0
1449,1,10,9,24,1,43,1,67,1,0,0,2,2,1,1,1623292.7745460805,1623292.7745460805,1623292.7745460805,0.009568599984049797,1.4408809000160545,0.9844994000159204,0.1771115000010468,0.2792475000023842,0.9575750000076368,0.3259573999675922,1.7764068999676965,3010,5,2.8287927555936676e-11,1.9073486323684108e-07,4.1008143374659e-11,0.0,0.0,1.992653449652454e-08,0.0,0.0,1.9073486323684108e-07
246,1,10,10,11,1,3,1,14,1,0,0,3,3,3,1,1628158.0043108228,1628158.0043108228,1628158.0043108228,0.01153590000467375,1.432801400020253,0.9857428999966942,0.18173880001995713,0.2653031999943778,0.9600413999869488,0.3241462999721989,1.7684835999971256,3010,5,1.7633783322423824e-11,1.991531939360412e-08,4.147736537411362e-11,0.0,0.0,1.991531939360412e-08,0.0,0.0,0.0
2951,1,10,10,9,2,1,1,10,2,0,0,8,8,8,1,1625189.193708972,1625189.193708972,1625189.193708972,0.012315400002989918,1.4335719000082463,0.9848064000252634,0.16306029999395832,0.2856717000249773,0.9546138999867253,0.3210403000121005,1.7669276000233367,3010,5,4.815081666720289e-11,1.992812396582146e-08,4.060150337190658e-11,0.0,0.0,1.992812396582146e-08,0.0,0.0,0.0
2685,1,10,10,1,1,0,0,1,1,0,0,6,6,6,1,1698797.8374211474,1698797.8374211474,1698797.8374211474,0.010115200013387948,1.4576452999608591,0.9918169999727979,0.17170800000894815,0.294096699974034,0.9581285999738611,0.31580740003846586,1.783567900012713,3010,5,3.3685276790151875e-11,1.988126515269545e-08,3.5694802943880024e-11,0.0,0.0,1.988126515269545e-08,0.0,0.0,0.0
4119,1,10,10,2,1,0,0,2,1,0,0,3,3,3,1,1556668.7854369385,1556668.7854369385,1556668.7854369385,0.009499299980234355,1.4657370999921113,1.0143840999808162,0.1665686999913305,0.2847695999662392,0.9893848999636248,0.301699000003282,1.7769353999756277,3010,5,1.7090107107264885e-11,1.9870768919183474e-08,4.1452398466178906e-11,0.0,0.0,1.9870768919183474e-08,0.0,0.0,0.0
1966,1,10,10,7,4,4,1,11,4,0,0,7,7,7,1,1660681.1302632738,1660681.1302632738,1660681.1302632738,0.012584000010974705,1.4379866000381298,0.9806214999989606,0.18971700000111014,0.26762960001360625,0.9526822000043467,0.29505269997753203,1.7456233000266366,3010,5,2.0693669000593218e-11,1.986821448104098e-08,6.97526073549008e-11,0.0,0.0,1.986821448104098e-08,0.0,0.0,0.0
1554,1,10,10,0,0,0,0,0,0,0,0,6,6,6,1,1416233.7205164323,1416233.7205164323,1416233.7205164323,0.00811170000815764,1.4048777000280097,0.9757792000309564,0.1521653999807313,0.2768890999723226,0.9500451000058092,0.3141601999523118,1.7271495999884792,3010,5,1.74623648874217e-11,1.9870983562301566e-08,3.725992162122319e-11,0.0,0.0,1.9870983562301566e-08,0.0,0.0,0.0
1943,1,10,10,28,4,3,2,31,4,0,0,0,0,0,1,1606532.1578940577,1606532.1578940577,1606532.1578940577,0.013210800010710955,1.4469654000131413,0.9905754000064917,0.17839479999383911,0.27798040001653135,0.9654502999619581,0.3111452999874018,1.771321500011254,3010,5,2.1224910717876355e-11,1.9894598931221198e-08,3.5590045833550676e-11,0.0,0.0,1.9894598931221198e-08,0.0,0.0,0.0
2049,1,10,10,6,1,1,1,7,1,0,0,4,4,4,1,1596472.0945395888,1596472.0945395888,1596472.0945395888,0.008957499987445772,1.440181499987375,1.00361499999417,0.1619090000167489,0.27464509999845177,0.9750367000233382,0.3102127000456676,1.7593517000204884,3010,5,2.7723379147914784e-11,1.9907869797108885e-08,4.330395083023233e-11,0.0,0.0,1.9907869797108885e-08,0.0,0.0,0.0
4582,1,10,10,0,0,0,0,0,0,0,0,7,7,7,1,1383579.1330107248,1383579.1330107248,1383579.1330107248,0.010337899962905794,1.422869100002572,0.9766008000005968,0.15552369999932125,0.29070439998758957,0.949183999968227,0.32848359999479726,1.761690599960275,3010,5,1.1848078074194746e-11,1.9880908956141715e-08,4.3398982505099534e-11,0.0,0.0,1.9880908956141715e-08,0.0,0.0,0.0
3321,1,10,10,4,1,1,1,5,1,0,0,5,5,5,1,1523652.327538608,1523652.327538608,1523652.327538608,0.008867199998348951,1.4221780999796465,0.9798272000043653,0.16169259999878705,0.2806360999820754,0.9538665000000037,0.32403929997235537,1.7550845999503508,3010,5,1.470989996477101e-11,1.9872522146376526e-08,4.226849713571919e-11,0.0,0.0,1.9872522146376526e-08,0.0,0.0,0.0
3916,1,10,10,0,0,0,0,0,0,0,0,9,9,9,1,1680717.1873701087,1680717.1873701087,1680717.1873701087,0.010852499981410801,1.4223375000292435,0.9855972999939695,0.1776149999932386,0.2590818000026047,0.9539978000102565,0.2951937999459915,1.7283837999566458,3010,5,2.479405569744131e-11,1.9890412465232506e-08,4.1515528370938366e-11,0.0,0.0,1.9890412465232506e-08,0.0,0.0,0.0
4482,1,10,10,0,0,0,0,0,0,0,0,8,8,8,1,1680881.4611554253,1680881.4611554253,1680881.4611554253,0.010071000026073307,1.455117900040932,0.9965980999986641,0.1748026999994181,0.2836766000255011,0.9689882000093348,0.31427039997652173,1.779459300043527,3010,5,3.3340663563308226e-11,1.9872882043673675e-08,3.5573373397377684e-11,0.0,0.0,1.9872882043673675e-08,0.0,0.0,0.0
1467,1,10,10,22,4,5,2,27,4,0,0,0,0,0,1,1620798.2670147142,1620798.2670147142,1620798.2670147142,0.011486699979286641,1.4441641999874264,0.977377199975308,0.18742950004525483,0.2793346999678761,0.950773200020194,0.3161884999717586,1.7718393999384716,3010,5,2.874922522266843e-11,1.989226653768363e-08,4.152824027149219e-11,0.0,0.0,1.989226653768363e-08,0.0,0.0,0.0
4192,1,10,10,13,3,0,0,13,3,0,0,7,7,7,1,1561779.3027455318,1561779.3027455318,1561779.3027455318,0.009240399987902492,1.4368852999759838,0.9791290999855846,0.17828930000541732,0.2794450999936089,0.951874999969732,0.3016623000148684,1.7477879999787547,3010,5,2.6921020968018183e-11,1.98854062845773e-08,4.1451679146312647e-11,0.0,0.0,1.98854062845773e-08,0.0,0.0,0.0
2550,1,10,10,2,2,0,0,2,2,0,0,2,2,2,1,1605486.3430376602,1605486.3430376602,1605486.3430376602,0.012085700000170618,1.4359017999959178,0.9752546999952756,0.17900080000981688,0.28162939997855574,0.9496456999913789,0.3156994999735616,1.76368699996965,3010,5,2.6403546016240398e-11,1.4395084013685278e-07,3.563333334642098e-11,0.0,0.0,1.9912942591145567e-08,0.0,0.0,1.4395084013685278e-07
2061,1,10,10,15,1,14,1,29,1,0,0,8,8,8,1,1633491.021421216,1633491.021421216,1633491.021421216,0.009099200018681586,1.4652993999770842,0.9916904999990948,0.17444730002898723,0.29913620004663244,0.9650169999804348,0.2905904999934137,1.7649890999891795,3010,5,2.8641422566977326e-11,1.9947613005832904e-08,3.4833290496868656e-11,0.0,0.0,1.9947613005832904e-08,0.0,0.0,0.0
1106,1,10,10,22,2,0,0,22,2,0,0,9,9,9,1,1630210.8718818584,1630210.8718818584,1630210.8718818584,0.009382700023707002,1.44276159995934,0.9714375999756157,0.1831827000132762,0.28811889997450635,0.9450795999728143,0.3120866000535898,1.7642309000366367,3010,5,2.010902555582561e-11,1.9887728501070475e-08,4.046472425748502e-11,0.0,0.0,1.9887728501070475e-08,0.0,0.0,0.0
3513,1,10,10,1,1,1,1,2,2,0,0,6,6,6,1,1469332.6153753167,1469332.6153753167,1469332.6153753167,0.010422200022730976,1.4677721000043675,0.9993592000100762,0.17765580001287162,0.2907349999877624,0.971667600038927,0.32635809999192134,1.8045524000190198,3010,5,1.9542589768661855e-11,1.9867795371849185e-08,4.127202896546046e-11,0.0,0.0,1.9867795371849185e-08,0.0,0.0,0.0
3518,1,10,10,40,2,7,2,47,2,0,0,0,0,0,1,1578643.8395882754,1578643.8395882754,1578643.8395882754,0.008844299998600036,1.446831499983091,0.9811554999905638,0.18420340004377067,0.2814514000201598,0.9529591000173241,0.3007274999981746,1.7564032999798656,3010,5,2.6362689808934192e-11,1.98721196905301e-08,4.146816583391952e-11,0.0,0.0,1.98721196905301e-08,0.0,0.0,0.0
32,1,10,10,3,1,0,0,3,1,0,0,3,3,3,1,1650623.9562800059,1650623.9562800059,1650623.9562800059,0.00935050001135096,1.4163181000039913,0.9747082999674603,0.16242700000293553,0.27915960003156215,0.9477965999976732,0.3046852999832481,1.7303538999985904,3010,5,2.0350499063681582e-11,1.9956038673403954e-08,1.0912622178019125e-10,0.0,0.0,1.9956038673403954e-08,0.0,0.0,0.0
1573,1,10,9,0,0,0,0,0,0,0,0,6,6,7,1,1671082.2497501965,1671082.2497501965,1671082.2497501965,0.008235399960540235,1.4343171999789774,1.002007599978242,0.1667268000310287,0.26553839998086914,0.976413499971386,0.3169838000321761,1.7595363999716938,3010,5,2.6085689164290216e-11,1.9910222544735235e-08,4.125898572778985e-11,0.0,0.0,1.9910222544735235e-08,0.0,0.0,0.0
2681,1,10,10,0,0,0,0,0,0,0,0,8,8,8,1,1685110.412432552,1685110.412432552,1685110.412432552,0.008857599983457476,1.4266745999921113,0.9849092999938875,0.16490309999790043,0.27680360001977533,0.9569970000302419,0.3159126999671571,1.751444899942726,3010,5,2.6085134052777903e-11,1.9073486323684108e-07,4.371469537777715e-11,0.0,0.0,1.987584263840601e-08,0.0,0.0,1.9073486323684108e-07
3486,1,10,8,1,1,0,0,1,1,0,0,7,7,5,1,1455154.511608056,1455154.511608056,1455154.511608056,0.008717499964404851,1.403246100002434,0.9715302999829873,0.1601026999996975,0.27158980001695454,0.9445453999796882,0.2965009000035934,1.7084644999704324,3010,5,1.5304868483667633e-11,1.9891437571158578e-08,3.9977755582041674e-11,0.0,0.0,1.9891437571158578e-08,0.0,0.0,0.0
4969,1,10,10,4,2,0,0,4,2,0,0,4,4,4,1,1598250.1340836547,1598250.1340836547,1598250.1340836547,0.010158599994610995,1.4303146000020206,0.9769311999552883,0.17351039999630302,0.2798522000084631,0.9510053999838419,0.3051755999913439,1.7456487999879755,3010,5,2.104105778499843e-11,1.9886163086605753e-08,4.155674069291184e-11,0.0,0.0,1.9886163086605753e-08,0.0,0.0,0.0
3535,1,10,10,4,2,0,0,4,2,0,0,4,4,4,1,1668314.0390930676,1668314.0390930676,1668314.0390930676,0.008230099978391081,1.4381128000095487,0.9734569999855012,0.1813749000430107,0.2832683000015095,0.9466028999886476,0.2949011999880895,1.7412440999760292,3010,5,2.5297541839108817e-11,1.9878023301463544e-08,6.08873805279686e-11,0.0,0.0,1.9878023301463544e-08,0.0,0.0,0.0
2318,1,10,10,22,2,38,1,60,2,0,0,1,1,1,1,1672975.0943286724,1672975.0943286724,1672975.0943286724,0.007521099993027747,1.4687789000454359,0.9955529000144452,0.1845418000011705,0.28866990003734827,0.967483300017193,0.3206470999866724,1.796947100025136,3010,5,2.681632693679603e-11,1.9889336474084474e-08,1.0216146560805501e-10,0.0,0.0,1.9889336474084474e-08,0.0,0.0,0.0
4100,1,10,10,11,2,1,1,12,2,0,0,8,8,8,1,1594964.5022593616,1594964.5022593616,1594964.5022593616,0.008654300007037818,1.433810300019104,0.9790412000147626,0.17170599999371916,0.28304280003067106,0.9519027000060305,0.30826759996125475,1.7507321999873966,3010,5,1.9102164294793056e-11,1.9921696699694736e-08,4.134751880236763e-11,0.0,0.0,1.9921696699694736e-08,0.0,0.0,0.0
3257,1,10,9,18,3,1,1,19,3,0,0,0,0,0,1,1582554.7664610564,1582554.7664610564,1582554.7664610564,0.00806590000865981,1.4366511999978684,0.9802472000010312,0.18295609997585416,0.27343140001175925,0.953010400000494,0.2991181999677792,1.7438352999743074,3010,5,2.4786839247781245e-11,1.9906284953741232e-08,4.668686731014312e-11,0.0,0.0,1.9906284953741232e-08,0.0,0.0,0.0
860,1,10,10,0,0,0,0,0,0,0,0,2,2,2,1,1415484.0374197408,1415484.0374197408,1415484.0374197408,0.008536500041373074,1.4089370000292547,0.9723179000429809,0.14687700005015358,0.28969770000549033,0.9452316000242718,0.3015853999531828,1.7190589000238106,3010,5,1.0814904527478575e-11,1.986726338998322e-08,3.5531027399714646e-11,0.0,0.0,1.986726338998322e-08,0.0,0.0,0.0
4404,1,10,9,5,2,0,0,5,2,0,0,2,2,2,1,1630144.6260780597,1630144.6260780597,1630144.6260780597,0.010195700044278055,1.4420914000365883,0.9740461999899708,0.17989510000916198,0.288128099986352,0.9485993999987841,0.30753559997538105,1.7598227000562474,3010,5,1.899425061679949e-11,1.989145700006151e-08,3.5366592006090764e-11,0.0,0.0,1.989145700006151e-08,0.0,0.0,0.0
1500,1,10,10,0,0,0,0,0,0,0,0,9,9,9,1,1622232.4739024322,1622232.4739024322,1622232.4739024322,0.009082400007173419,1.4498840000014752,0.9918668000027537,0.1726943999528885,0.28527930000564083,0.963555800030008,0.3031042999937199,1.7620707000023685,3010,5,2.6634805472269818e-11,1.9885241601495314e-08,4.1374561055566566e-11,0.0,0.0,1.9885241601495314e-08,0.0,0.0,0.0
3105,1,10,10,14,1,1,1,15,1,0,0,5,5,5,1,1673542.6331085844,1673542.6331085844,1673542.6331085844,0.009504899964667857,1.4623507999931462,1.0287641999893822,0.1661294999648817,0.2674430999904871,1.0036737999762408,0.30026830005226657,1.7721240000100806,3010,5,1.3541723298260422e-11,1.9894760838745623e-08,4.7370285946835574e-11,0.0,0.0,1.9894760838745623e-08,0.0,0.0,0.0
571,1,10,10,29,4,5,2,34,4,0,0,0,0,0,1,1635520.887758645,1635520.887758645,1635520.887758645,0.009057899995241314,1.4552355000050738,1.0059772999957204,0.17940100003033876,0.26983389997622,0.9793943000258878,0.3020529000204988,1.766346300020814,3010,5,2.052469305624527e-11,1.4128508385446992e-07,3.6498423101964296e-11,0.0,0.0,1.986821448104098e-08,0.0,0.0,1.4128508385446992e-07
3891,1,10,10,47,2,6,2,53,2,0,0,3,3,3,1,1660114.5629089018,1660114.5629089018,1660114.5629089018,0.012427299981936812,1.4564455999643542,0.9795293999486603,0.1905413999920711,0.2863515999633819,0.9517753999680281,0.32440810004482046,1.7932809999911115,3010,5,2.2795210163906177e-11,1.987326507061717e-08,4.145837750096471e-11,0.0,0.0,1.987326507061717e-08,0.0,0.0,0.0
2722,1,10,10,0,0,0,0,0,0,0,0,3,3,3,1,1426682.765617348,1426682.765617348,1426682.765617348,0.009511800017207861,1.3950599000090733,0.9777834999840707,0.14323719998355955,0.273999500030186,0.9545530000468716,0.3113673999905586,1.7159391000168398,3010,5,1.1393552767913206e-11,1.9898042472969242e-08,4.379657762336669e-11,0.0,0.0,1.9898042472969242e-08,0.0,0.0,0.0
4781,1,10,10,4,1,1,1,5,1,0,0,5,5,5,1,1586211.8677152914,1586211.8677152914,1586211.8677152914,0.008517300011590123,1.44925519998651,0.9927724999724887,0.1693113999790512,0.2871564999804832,0.9672771000186913,0.29905229998985305,1.7568247999879532,3010,5,2.1855184328956057e-11,1.9893239833201887e-08,3.809674202860352e-11,0.0,0.0,1.9893239833201887e-08,0.0,0.0,0.0
1301,1,10,10,1,1,0,0,1,1,0,0,8,8,8,1,1603229.033266842,1603229.033266842,1603229.033266842,0.009584099985659122,1.4562338999821804,0.991175499977544,0.1822321999934502,0.28280399995855987,0.9654107000096701,0.30574690003413707,1.7715649000019766,3010,5,2.6484037185525722e-11,1.9887697969937297e-08,4.154957607261288e-11,0.0,0.0,1.9887697969937297e-08,0.0,0.0,0.0
2964,1,10,10,1,1,0,0,1,1,0,0,5,5,5,1,1689538.0747654422,1689538.0747654422,1689538.0747654422,0.008662100008223206,1.414233300019987,0.982246900035534,0.16543100000126287,0.26653890003217384,0.9570326000102796,0.3138784999609925,1.7367738999892026,3010,5,3.195033126957014e-11,1.9878884649493484e-08,3.210048587153192e-11,0.0,0.0,1.9878884649493484e-08,0.0,0.0,0.0
3789,1,10,10,37,3,6,2,43,3,0,0,2,2,2,1,1643791.2214944088,1643791.2214944088,1643791.2214944088,0.010700899991206825,1.4393386999727227,0.988695900014136,0.16615209996234626,0.28446570003870875,0.962370999972336,0.30468790006125346,1.754727500025183,3010,5,1.968980534172715e-11,1.9897744563124303e-08,3.556339561874206e-11,0.0,0.0,1.9897744563124303e-08,0.0,0.0,0.0
4095,1,10,10,5,2,1,1,6,2,0,0,4,4,4,1,1622666.6659102812,1622666.6659102812,1622666.6659102812,0.009575699979905039,1.4431752000236884,0.9870601000147872,0.1670781000284478,0.28901519998908043,0.9659310000133701,0.3060800999519415,1.758830999955535,3010,5,2.7242430533647166e-11,1.9878045505924037e-08,3.7118477787460424e-11,0.0,0.0,1.9878045505924037e-08,0.0,0.0,0.0
1167,1,10,10,0,0,0,0,0,0,0,0,5,5,5,1,1485345.1063686965,1485345.1063686965,1485345.1063686965,0.008568899997044355,1.4157005999586545,0.9858423999976367,0.15949089999776334,0.2703227000311017,0.9580055000260472,0.2941506000352092,1.718420099990908,3010,5,2.2395862941948508e-11,1.9882531732129377e-08,4.1141324506981274e-11,0.0,0.0,1.9882531732129377e-08,0.0,0.0,0.0
1380,1,10,10,0,0,0,0,0,0,0,0,7,7,7,1,1650807.5462509582,1650807.5462509582,1650807.5462509582,0.008143400016706437,1.4228449000511318,0.9894802000490017,0.1640479999477975,0.269275100028608,0.9634480000240728,0.294086099951528,1.7250744000193663,3010,5,2.2125745680057207e-11,1.9894781192834406e-08,4.645191908339215e-11,0.0,0.0,1.9894781192834406e-08,0.0,0.0,0.0
717,1,10,10,0,0,0,0,0,0,0,0,1,1,1,1,1407175.1125675566,1407175.1125675566,1407175.1125675566,0.008366900030523539,1.383972099982202,0.9782964999903925,0.1408170000067912,0.2648144999984652,0.9540961000020616,0.2925062999711372,1.6848452999838628,3010,5,1.9550583374439157e-11,1.9895822952105847e-08,4.0588739424040345e-11,0.0,0.0,1.9895822952105847e-08,0.0,0.0,0.0
410,1,10,10,0,0,0,0,0,0,0,0,5,5,5,1,1389138.5065376621,1389138.5065376621,1389138.5065376621,0.008828399993944913,1.527587000047788,1.0818548000534065,0.1519522000453435,0.29373480001231655,1.0553445999976248,0.29086219996679574,1.8272776000085287,3010,5,1.0819345419577076e-11,1.989493754924371e-08,3.744750370868927e-11,0.0,0.0,1.989493754924371e-08,0.0,0.0,0.0
4413,1,10,10,0,0,0,0,0,0,0,0,8,8,8,1,1393201.7638617316,1393201.7638617316,1393201.7638617316,0.008915799960959703,1.440126000030432,1.00675980001688,0.15210070001194254,0.2812104999902658,0.9809623000328429,0.3007421999354847,1.7497839999268763,3010,5,9.760192654084676e-12,1.9890327348133952e-08,3.780721211667464e-11,0.0,0.0,1.9890327348133952e-08,0.0,0.0,0.0
3031,1,10,9,5,1,0,0,5,1,0,0,5,5,8,1,1667263.858009446,1667263.858009446,1667263.858009446,0.008125499996822327,1.4638305000262335,1.007137300039176,0.17585169995436445,0.28082079999148846,0.9810116000007838,0.30539419996785,1.7773501999909058,3010,5,2.433597767748097e-11,1.9896286470218628e-08,3.990329780291674e-11,0.0,0.0,1.9896286470218628e-08,0.0,0.0,0.0
3051,1,10,10,54,4,23,2,77,4,0,0,3,3,3,1,1602798.7890659145,1602798.7890659145,1602798.7890659145,0.009089800005313009,1.465389899967704,1.0008483999990858,0.1758960000006482,0.2886306999716908,0.9744610000052489,0.31282010005088523,1.7872998000239022,3010,5,2.4961921418764632e-11,1.9871736663586604e-08,4.125984531967616e-11,0.0,0.0,1.9871736663586604e-08,0.0,0.0,0.0
2335,1,10,10,20,2,2,1,22,2,0,0,9,9,9,1,1675760.2946247351,1675760.2946247351,1675760.2946247351,0.011080299969762564,1.4683493999764323,1.0200518000056036,0.1687225000350736,0.2795513999881223,0.9938412999617867,0.30333570000948384,1.7827653999556787,3010,5,2.3355539724434493e-11,1.987339922256598e-08,1.0763442097455774e-10,0.0,0.0,1.987339922256598e-08,0.0,0.0,0.0
658,1,10,10,36,2,3,1,39,2,0,0,8,8,8,1,1692693.4577230895,1692693.4577230895,1692693.4577230895,0.008465200022328645,1.4425687000039034,0.978311599988956,0.18898190004983917,0.2752607999718748,0.9515109999920242,0.29521359998034313,1.7462475000065751,3010,5,2.373323759741197e-11,1.9937806960967902e-08,3.974467926670477e-11,0.0,0.0,1.9937806960967902e-08,0.0,0.0,0.0
780,1,10,10,0,0,0,0,0,0,0,0,6,6,6,1,1450424.2868397562,1450424.2868397562,1450424.2868397562,0.008912999997846782,1.41616530000465,0.9835994000313804,0.1572133000008762,0.2753082999843173,0.9570288999821059,0.3124328999547288,1.7375111999572255,3010,5,1.9234391857025912e-11,1.9887641533600214e-08,4.1504539686298185e-11,0.0,0.0,1.9887641533600214e-08,0.0,0.0,0.0
2073,1,10,10,0,0,0,0,0,0,0,0,2,2,2,1,1450211.2421522941,1450211.2421522941,1450211.2421522941,0.008910600037779659,1.4070403999648988,0.9775389999849722,0.15051710000261664,0.27894109999760985,0.9509440999827348,0.29010060004657134,1.7060516000492498,3010,5,1.9205304013780733e-11,1.9873538925629913e-08,3.561948996714794e-11,0.0,0.0,1.9873538925629913e-08,0.0,0.0,0.0
1721,1,10,10,3,1,1,1,4,1,0,0,1,1,1,1,1597312.9827731682,1597312.9827731682,1597312.9827731682,0.008764200028963387,1.4378512999974191,0.9787022999953479,0.1774963000207208,0.2816326000029221,0.9514832999557257,0.3196020000032149,1.7662175000295974,3010,5,2.0437096459602344e-11,1.994318136559294e-08,4.321754796701948e-11,0.0,0.0,1.994318136559294e-08,0.0,0.0,0.0
4759,1,10,10,11,1,6,1,17,1,0,0,6,6,6,1,1690636.7309231204,1690636.7309231204,1690636.7309231204,0.008663999964483082,1.4372411000076681,0.9771213000058196,0.18223590002162382,0.2778688999824226,0.9503866000450216,0.31701240001711994,1.7629174999892712,3010,5,2.0622392682412283e-11,1.9942989852121192e-08,4.015501805596917e-11,0.0,0.0,1.9942989852121192e-08,0.0,0.0,0.0
1369,1,10,10,0,0,0,0,0,0,0,0,9,9,9,1,1533040.495939235,1533040.495939235,1533040.495939235,0.008409000001847744,1.4320813000085764,0.9775183000019751,0.16936310002347454,0.2851555999950506,0.951219700044021,0.29261349997250363,1.7331037999829277,3010,5,2.5974111750315387e-11,1.989397073002643e-08,4.155791631670109e-11,0.0,0.0,1.989397073002643e-08,0.0,0.0,0.0
399,1,10,10,11,1,20,1,31,1,0,0,8,8,8,1,1681625.1496375701,1681625.1496375701,1681625.1496375701,0.010330099961720407,1.4503485999885015,0.9792424999759533,0.18730460002552718,0.2837792999926023,0.952640599978622,0.3029374000034295,1.7636160999536514,3010,5,2.7648439093752586e-11,1.9919202398632746e-08,3.521986745244404e-11,0.0,0.0,1.9919202398632746e-08,0.0,0.0,0.0
4525,1,10,9,0,0,2,2,2,2,0,0,8,8,8,1,1554012.371406641,1554012.371406641,1554012.371406641,0.0072187999612651765,1.4221499999985099,0.9782770000165328,0.17124900000635535,0.27258280001115054,0.9522099000168964,0.2978276999783702,1.7271964999381453,3010,5,2.3211876865047998e-11,1.991397324818676e-08,4.1271512731575456e-11,0.0,0.0,1.991397324818676e-08,0.0,0.0,0.0
678,1,10,10,0,0,0,0,0,0,0,0,2,2,2,1,1437371.9879085007,1437371.9879085007,1437371.9879085007,0.008251300023403019,1.405778000014834,0.9787706000497565,0.15014109999174252,0.27682369999820367,0.9524990000063553,0.2937241999898106,1.7077535000280477,3010,5,1.8184675987242827e-11,1.9891518062327863e-08,4.14085524540397e-11,0.0,0.0,1.9891518062327863e-08,0.0,0.0,0.0
95,1,10,10,24,4,5,2,29,4,0,0,7,7,7,1,1616438.6047791317,1616438.6047791317,1616438.6047791317,0.010023700015153736,1.4533269999665208,0.9902238000067882,0.19112729997141287,0.2719626999460161,0.9647941999719478,0.28542920004110783,1.7487799000227824,3010,5,2.2392199205967245e-11,1.9886153834747217e-08,4.747166865409207e-11,0.0,0.0,1.9886153834747217e-08,0.0,0.0,0.0
1900,1,10,10,6,2,0,0,6,2,0,0,7,7,7,1,1647350.2657038427,1647350.2657038427,1647350.2657038427,0.008027200005017221,1.42202769999858,0.9774049000116065,0.17536829999880865,0.2692316999891773,0.9518242999911308,0.29805129999294877,1.728106199996546,3010,5,2.715172531253529e-11,1.9898014717393627e-08,4.134466508988152e-11,0.0,0.0,1.9898014717393627e-08,0.0,0.0,0.0
2698,1,10,10,0,0,0,0,0,0,0,0,8,8,8,1,1495805.4982733356,1495805.4982733356,1495805.4982733356,0.008736799994949251,1.38712970004417,0.9763138000271283,0.14487720001488924,0.2658936000079848,0.9526990000158548,0.30563839996466413,1.7015049000037834,3010,5,2.0018875446226048e-11,1.9878914255440806e-08,4.69407185855895e-11,0.0,0.0,1.9878914255440806e-08,0.0,0.0,0.0
2354,1,10,10,41,2,1,1,42,2,0,0,7,7,7,1,1721586.5622768481,1721586.5622768481,1721586.5622768481,0.009556700009852648,1.4728798000141978,0.973252700001467,0.21690409997245297,0.2826989999739453,0.9479611000278965,0.30757740000262856,1.790013900026679,3010,5,2.7025270910030486e-11,1.997290018559045e-08,3.12322769060809e-11,0.0,0.0,1.997290018559045e-08,0.0,0.0,0.0
3824,1,10,10,1,1,0,0,1,1,0,0,1,1,1,1,1449339.0516871824,1449339.0516871824,1449339.0516871824,0.009489199961535633,1.413993099995423,0.9761946999933571,0.1490023999940604,0.28877310000825673,0.9499297000002116,0.3060573000111617,1.7295395999681205,3010,5,1.5729195723679368e-11,1.987399411707001e-08,3.55568724958032e-11,0.0,0.0,1.987399411707001e-08,0.0,0.0,0.0
554,1,10,10,0,0,0,0,0,0,0,0,1,1,1,1,1422231.7923632844,1422231.7923632844,1422231.7923632844,0.01524859998608008,1.4124400000437163,0.9752029000082985,0.15397899999516085,0.28320659999735653,0.9491096999845468,0.30936409992864355,1.73705269995844,3010,5,1.3221090888748677e-11,1.987297918818833e-08,4.743175472930041e-11,0.0,0.0,1.987297918818833e-08,0.0,0.0,0.0
4719,1,10,10,4,1,0,0,4,1,0,0,2,2,2,1,1600949.046412195,1600949.046412195,1600949.046412195,0.008200499985832721,1.4696641999762505,0.9911530999816023,0.18502919998718426,0.29346120002446696,0.963647399970796,0.31343500001821667,1.7912996999803,3010,5,2.5660140678951393e-11,1.4395084013685278e-07,3.537244441726592e-11,0.0,0.0,1.992221850451631e-08,0.0,0.0,1.4395084013685278e-07
1737,1,10,10,25,2,13,2,38,2,0,0,4,4,4,1,1554213.4547739576,1554213.4547739576,1554213.4547739576,0.01023479999275878,1.440238400013186,0.9728440999751911,0.18328860000474378,0.2840833000373095,0.9463629000238143,0.30474079999839887,1.7552140000043437,3010,5,2.1707302622075986e-11,1.9906535679107625e-08,4.132946575023028e-11,0.0,0.0,1.9906535679107625e-08,0.0,0.0,0.0
1102,1,10,10,0,0,0,0,0,0,0,0,9,9,9,1,1596292.2892336752,1596292.2892336752,1596292.2892336752,0.009447899996303022,1.4194557000300847,0.9754235000000335,0.16472970001632348,0.279255400004331,0.9496901999809779,0.29677709995303303,1.7256806999794208,3010,5,2.2083335160516526e-11,1.987254712639458e-08,4.148222468977626e-11,0.0,0.0,1.987254712639458e-08,0.0,0.0,0.0
3553,1,10,10,43,4,31,3,74,4,0,0,9,9,9,1,1635826.8769271574,1635826.8769271574,1635826.8769271574,0.008900999964680523,1.4552399999811314,0.9812618999858387,0.18747040000744164,0.2864852000493556,0.9553992999717593,0.31497780000790954,1.7791187999537215,3010,5,2.520761377411418e-11,1.9872602637545812e-08,6.547738557704441e-11,0.0,0.0,1.9872602637545812e-08,0.0,0.0,0.0
4712,1,10,10,48,2,30,2,78,2,0,0,5,5,5,1,1607567.9781336894,1607567.9781336894,1607567.9781336894,0.012141000013798475,1.4676334999967366,0.9774146999698132,0.19429170002695173,0.2959042000002228,0.9500948999775574,0.31751409999560565,1.7972886000061408,3010,5,2.0319412818992078e-11,1.9915050164520648e-08,3.755077717838247e-11,0.0,0.0,1.9915050164520648e-08,0.0,0.0,0.0
2924,1,10,10,28,5,1,1,29,5,0,0,0,0,0,1,1657858.8804942355,1657858.8804942355,1657858.8804942355,0.008656199963297695,1.4966666999971494,0.9778864000109024,0.1995988999842666,0.31915930000832304,0.9508030000142753,0.322168699989561,1.827491599950008,3010,5,2.3132606941089762e-11,1.9888446445293068e-08,2.0564239986594813e-10,0.0,0.0,1.9888446445293068e-08,0.0,0.0,0.0
2706,1,10,10,4,2,0,0,4,2,0,0,3,3,3,1,1451254.1118540158,1451254.1118540158,1451254.1118540158,0.00884659995790571,1.4242176999687217,0.97559220000403,0.1615044999634847,0.28709879994858056,0.9506664000218734,0.30121010006405413,1.7342743999906816,3010,5,2.7078339570607568e-11,1.987096505858449e-08,3.544489250768089e-11,0.0,0.0,1.987096505858449e-08,0.0,0.0,0.0
2515,1,10,10,23,2,0,0,23,2,0,0,2,2,2,1,1665343.7297933495,1665343.7297933495,1665343.7297933495,0.013850199989974499,1.4319857999798842,0.9850546999950893,0.17797950003296137,0.2689325000392273,0.9589619000325911,0.3008191999979317,1.7466551999677904,3010,5,2.383293562502331e-11,1.9871822705871013e-08,4.123140687892022e-11,0.0,0.0,1.9871822705871013e-08,0.0,0.0,0.0
2861,1,10,10,6,2,3,1,9,2,0,0,1,1,1,1,1634036.8942965216,1634036.8942965216,1634036.8942965216,0.008372800017241389,1.4355685000191443,0.9769650000380352,0.17299449996789917,0.28559459996176884,0.9496217999840155,0.30672659998526797,1.7506679000216536,3010,5,1.7147738784473177e-10,1.9897308800587138e-08,4.364491538885431e-11,0.0,0.0,1.9897308800587138e-08,0.0,0.0,0.0
1163,1,10,10,16,3,0,0,16,3,0,0,7,7,7,1,1615422.9581307215,1615422.9581307215,1615422.9581307215,0.0081415000022389,1.4502755000139587,0.9762360000167973,0.18623019999358803,0.2877961000194773,0.9506550999940373,0.3060620999895036,1.7644791000057012,3010,5,4.040545675820795e-11,1.992405037250694e-08,3.745931716942938e-11,0.0,0.0,1.992405037250694e-08,0.0,0.0,0.0
4631,1,10,10,0,0,0,0,0,0,0,0,2,2,2,1,1667310.1781110002,1667310.1781110002,1667310.1781110002,0.010332000034395605,1.4504865999915637,0.971392499981448,0.2000545000191778,0.27899489999981597,0.945542800007388,0.3043636999791488,1.7651823000051081,3010,5,2.5397239866720156e-11,1.990196156024617e-08,5.3489638011329756e-11,0.0,0.0,1.990196156024617e-08,0.0,0.0,0.0
2761,1,10,10,10,1,0,0,10,1,0,0,2,2,2,1,1637952.5542667396,1637952.5542667396,1637952.5542667396,0.010583900031633675,1.2753684000344947,0.9764163999934681,0.15377060003811494,0.14517450000857934,0.9495577000197954,0.14663289999589324,1.4325852000620216,3010,5,2.4872326420677382e-11,1.9936089816023146e-08,4.7396259477023205e-11,0.0,0.0,1.9936089816023146e-08,0.0,0.0,0.0
2933,1,10,10,5,1,0,0,5,1,0,0,0,0,0,1,1600118.7978584545,1600118.7978584545,1600118.7978584545,0.004900900006759912,1.2124734000535682,0.9496518000378273,0.1346367999794893,0.1281771000358276,0.9370276000117883,0.1389150999020785,1.3562893999624066,3010,5,2.183320191306848e-11,1.988527860892947e-08,4.1355115786424555e-11,0.0,0.0,1.988527860892947e-08,0.0,0.0,0.0
205,1,10,10,0,0,0,0,0,0,0,0,9,9,9,1,1385066.5475734856,1385066.5475734856,1385066.5475734856,0.0043833000236190856,1.1780176000320353,0.9418375000241213,0.1062472999910824,0.12990590004483238,0.9293065000092611,0.14766859996598214,1.3300695000216365,3010,5,1.1210921080362368e-11,1.9899199880472414e-08,3.7363420823940763e-11,0.0,0.0,1.9899199880472414e-08,0.0,0.0,0.0
2355,1,10,10,3,1,0,0,3,1,0,0,8,8,8,1,1616475.231792596,1616475.231792596,1616475.231792596,0.004495400004088879,1.1933979999739677,0.9412301999982446,0.12254779995419085,0.12961289996746927,0.9277800000272691,0.13792770000873134,1.3358210999867879,3010,5,2.4039215062998665e-11,1.9871337908483594e-08,4.148179863467824e-11,0.0,0.0,1.9871337908483594e-08,0.0,0.0,0.0
1892,1,10,8,26,2,0,0,26,2,0,0,8,8,8,1,1610651.007942264,1610651.007942264,1610651.007942264,0.008238299982622266,1.4241600999957882,0.9653089999919757,0.1907890999573283,0.2680398999946192,0.9424594000447541,0.29262879997259006,1.7250271999510005,3010,5,2.161437695491486e-11,1.9903913702397803e-08,4.7253410474843796e-11,0.0,0.0,1.9903913702397803e-08,0.0,0.0,0.0
2106,1,10,10,0,0,0,0,0,0,0,0,6,6,6,1,1396017.2108200602,1396017.2108200602,1396017.2108200602,0.008435400028247386,1.4152531999861822,0.977183100010734,0.16303319996222854,0.27498089999426156,0.9526234000222757,0.2937205000198446,1.7174091000342742,3010,5,1.6218471010631674e-11,1.9867947102329216e-08,3.5622845361832255e-11,0.0,0.0,1.9867947102329216e-08,0.0,0.0,0.0
4749,1,10,10,0,0,0,0,0,0,0,0,0,0,0,1,1747159.166040147,1747159.166040147,1747159.166040147,0.008278099994640797,1.425870599981863,0.9857623999705538,0.16645479999715462,0.27360429998952895,0.9613081999705173,0.31223010004032403,1.7463788000168279,3010,5,2.5497381983541345e-11,2.0052505952013634e-08,2.713622617751791e-11,0.0,0.0,2.0052505952013634e-08,0.0,0.0,0.0
1348,1,10,9,39,3,3,1,42,3,0,0,8,8,7,1,1714838.9441055947,1714838.9441055947,1714838.9441055947,0.009251300012692809,1.4469952000072226,0.9789454999845475,0.1947906999848783,0.2732450000476092,0.9525224000099115,0.3084939999971539,1.7647405000170693,3010,5,2.8484326008992866e-11,1.9991934034161792e-08,1.7432303412078745e-10,0.0,0.0,1.9991934034161792e-08,0.0,0.0,0.0
3555,1,10,10,0,0,0,0,0,0,0,0,3,3,3,1,1382063.943849207,1382063.943849207,1382063.943849207,0.008254899992607534,1.3951339999912307,0.9822051000082865,0.14857939997455105,0.26430749997962266,0.9563542000250891,0.2918843000079505,1.6952731999917887,3010,5,1.0734080291285863e-11,1.9870542248649277e-08,4.053620711977199e-11,0.0,0.0,1.9870542248649277e-08,0.0,0.0,0.0
4010,1,10,10,2,2,0,0,2,2,0,0,3,3,3,1,1644230.494215048,1644230.494215048,1644230.494215048,0.008001899986993521,1.4318198999972083,0.9728691999916919,0.18572879995917901,0.2732077999971807,0.9474259999697097,0.29074530000798404,1.7305670999921858,3010,5,2.549094268999852e-11,2.243939567492248e-07,5.3293800889926896e-11,0.0,0.0,1.991021144250499e-08,0.0,0.0,2.243939567492248e-07
1331,1,10,10,0,0,0,0,0,0,0,0,2,2,2,1,1408005.726012056,1408005.726012056,1408005.726012056,0.00897109997458756,1.4060429999954067,0.9893897000001743,0.14732940000249073,0.2692795000039041,0.9606836999882944,0.29278090002480894,1.7077949999948032,3010,5,1.6558754367679285e-11,1.9882250475629804e-08,5.7517299825006585e-11,0.0,0.0,1.9882250475629804e-08,0.0,0.0,0.0
4052,1,10,10,6,1,0,0,6,1,0,0,5,5,5,1,1686325.5136602158,1686325.5136602158,1686325.5136602158,0.008224199991673231,1.4385380999883637,0.9891681000008248,0.1756978000048548,0.2736482999753207,0.9622388999559917,0.2916245000087656,1.7383867999888025,3010,5,4.079558912906123e-11,1.992646233202794e-08,4.330720117146765e-11,0.0,0.0,1.992646233202794e-08,0.0,0.0,0.0
2200,1,10,10,3,3,0,0,3,3,0,0,4,4,4,1,1456834.103230092,1456834.103230092,1456834.103230092,0.00876520003657788,1.4244567999849096,0.9986021000077017,0.1581115999724716,0.26772110001184046,0.9717303999932483,0.296913200058043,1.7301352000795305,3010,5,2.8723801115404513e-11,1.9872499941916034e-08,4.2747030149492454e-11,0.0,0.0,1.9872499941916034e-08,0.0,0.0,0.0
3632,1,10,10,0,0,0,0,0,0,0,0,7,7,7,1,1375752.2184496594,1375752.2184496594,1375752.2184496594,0.008112300012726337,1.4120465000160038,0.9886109000071883,0.1462244000285864,0.27716910000890493,0.9633484000223689,0.29830179997952655,1.7184606000082567,3010,5,9.48807699074905e-12,1.9872035498617398e-08,3.9363514849173994e-11,0.0,0.0,1.9872035498617398e-08,0.0,0.0,0.0
2624,1,10,10,0,0,0,0,0,0,0,0,7,7,7,1,1642351.8674978786,1642351.8674978786,1642351.8674978786,0.007747200026642531,1.4188108999514952,0.9725089999847114,0.16447239997796714,0.28177430003415793,0.947345900000073,0.29974910005694255,1.7263072000350803,3010,5,3.632116829521692e-11,1.994442481538052e-08,2.278758991924596e-11,0.0,0.0,1.994442481538052e-08,0.0,0.0,0.0
2696,1,10,10,28,1,33,1,61,1,0,0,8,8,8,1,1589183.5840193909,1589183.5840193909,1589183.5840193909,0.008992799965199083,1.423115500016138,0.9773514000116847,0.17771080002421513,0.2680318999919109,0.949799099995289,0.2936154999770224,1.7257237999583595,3010,5,2.4101165507772748e-11,1.994610495289112e-08,4.1445362152198784e-11,0.0,0.0,1.994610495289112e-08,0.0,0.0,0.0
412,1,10,10,0,0,0,0,0,0,0,0,6,6,6,1,1422086.481469622,1422086.481469622,1422086.481469622,0.011425799981225282,1.423331500031054,0.9790218999842182,0.15739579999353737,0.28687060001539066,0.951204199984204,0.31188839999958873,1.746645700011868,3010,5,1.1656231535539519e-11,1.9876477315901754e-08,4.118616227976103e-11,0.0,0.0,1.9876477315901754e-08,0.0,0.0,0.0
3611,1,10,10,54,2,45,2,99,2,0,0,0,0,0,1,1561122.213097641,1561122.213097641,1561122.213097641,0.008723799954168499,1.4331397999776527,0.984299200004898,0.17694009997649118,0.2718868000083603,0.9564023000421003,0.2877625999972224,1.7296261999290437,3010,5,1.8335444273986923e-11,1.9884075867319458e-08,5.537919925713864e-11,0.0,0.0,1.9884075867319458e-08,0.0,0.0,0.0
2981,1,10,10,0,0,0,0,0,0,0,0,8,8,8,1,1415669.4097853417,1415669.4097853417,1415669.4097853417,0.011064600024838,1.4085503999958746,0.9807095000287518,0.1605796999647282,0.2672171999583952,0.9559668000438251,0.2982037999900058,1.7178188000107184,3010,5,1.395339399579143e-11,1.991014482912351e-08,4.1411238925297506e-11,0.0,0.0,1.991014482912351e-08,0.0,0.0,0.0
1546,1,10,10,0,0,0,0,0,0,0,0,8,8,8,1,1583945.099073932,1583945.099073932,1583945.099073932,0.008374899975024164,1.40705550002167,0.9777665000292473,0.15928329998860136,0.26995659997919574,0.9514748000074178,0.29736649995902553,1.7127968999557197,3010,5,2.552846822823085e-11,1.9875578960437662e-08,5.3349183743181115e-11,0.0,0.0,1.9875578960437662e-08,0.0,0.0,0.0
4982,1,10,10,0,0,0,0,0,0,0,0,0,0,0,1,1616421.7037623194,1616421.7037623194,1616421.7037623194,0.00871770002413541,1.4162953000050038,0.9737191000021994,0.17070129996864125,0.27183149999473244,0.9471739999717101,0.30877920001512393,1.7337922000442632,3010,5,2.736699755701011e-11,1.98694671826871e-08,4.729087860692615e-11,0.0,0.0,1.98694671826871e-08,0.0,0.0,0.0
22,1,10,10,38,1,3,1,41,1,0,0,9,9,9,1,1710490.4244908493,1710490.4244908493,1710490.4244908493,0.008707700006198138,1.4315040999790654,0.9753760999883525,0.1805367000051774,0.27556949999416247,0.9497972999815829,0.2973745000199415,1.737586300005205,3010,5,2.1457613463837788e-11,1.9873590736037728e-08,4.126625192345367e-11,0.0,0.0,1.9873590736037728e-08,0.0,0.0,0.0
207,1,10,10,0,0,0,0,0,0,0,0,0,0,0,1,1408525.8983628945,1408525.8983628945,1408525.8983628945,0.00879500003065914,1.397547900036443,0.9723940000403672,0.157316799974069,0.2677916000247933,0.9471111999591812,0.2971772999735549,1.703520200040657,3010,5,1.4467316233890415e-11,1.987248513894237e-08,4.1542010908417164e-11,0.0,0.0,1.987248513894237e-08,0.0,0.0,0.0
3178,1,10,10,0,0,0,0,0,0,0,0,2,2,2,1,1718359.9208136024,1718359.9208136024,1718359.9208136024,0.008555900014471263,1.425954200036358,0.9790219999849796,0.17804080003406852,0.2688480000360869,0.9510494000278413,0.31682409992208704,1.7513341999729164,3010,5,1.8011037106191452e-11,2.243939567492248e-07,3.7318385963602424e-11,0.0,0.0,1.9951162018768288e-08,0.0,0.0,2.243939567492248e-07
2150,1,10,10,0,0,0,0,0,0,0,0,3,3,3,1,1436712.956003453,1436712.956003453,1436712.956003453,0.009008399967569858,1.4068628000095487,0.9753223999869078,0.1527236999827437,0.278776100021787,0.9479168999823742,0.30000899999868125,1.7158801999757998,3010,5,1.4089396316308012e-11,1.987397561335293e-08,4.1476121057144905e-11,0.0,0.0,1.987397561335293e-08,0.0,0.0,0.0
1915,1,10,10,9,1,0,0,9,1,0,0,8,8,8,1,1627190.2221069625,1627190.2221069625,1627190.2221069625,0.00807320000603795,1.4455119000049308,0.980756199976895,0.1688657000195235,0.2958682000171393,0.9539483000407927,0.29459740000311285,1.7481825000140816,3010,5,2.1373236513966276e-11,1.4128508385446992e-07,1.4487981110262535e-10,0.0,0.0,1.9913791911759405e-08,0.0,0.0,1.4128508385446992e-07
3286,1,10,10,21,2,23,2,44,2,0,0,0,0,0,1,1535241.039211929,1535241.039211929,1535241.039211929,0.009517400001641363,1.4433926999918185,0.9911568000097759,0.17723289999412373,0.27498970000306144,0.9638277000049129,0.2995052000042051,1.752415299997665,3010,5,2.2145840716802923e-11,1.9868015566082403e-08,4.723148705695608e-11,0.0,0.0,1.9868015566082403e-08,0.0,0.0,0.0
3981,1,10,10,0,0,0,0,0,0,0,0,7,7,7,1,1355273.7662154853,1355273.7662154853,1355273.7662154853,0.00929099996574223,1.417056699981913,0.9797568999929354,0.15236899995943531,0.2848871999885887,0.9544037000159733,0.3076764000579715,1.7340241000056267,3010,5,1.4553691585206252e-11,1.9873687880552383e-08,3.5404018093812655e-11,0.0,0.0,1.9873687880552383e-08,0.0,0.0,0.0
152,1,10,10,6,1,1,1,7,1,0,0,3,3,3,1,1615898.7793568189,1615898.7793568189,1615898.7793568189,0.010479999997187406,1.4334585000178777,0.9793199999839999,0.16474470001412556,0.28937140002381057,0.9514389000250958,0.29654650000156835,1.7404850000166334,3010,5,2.7285063097792772e-11,9.536743172944284e-08,4.738165816476857e-11,0.0,0.0,1.990827225295531e-08,0.0,0.0,9.536743172944284e-08
4693,1,10,10,0,0,0,0,0,0,0,0,0,0,0,1,1401657.403125322,1401657.403125322,1401657.403125322,0.008425600011833012,1.4346591999637894,0.9909669999615289,0.15019090002169833,0.2934347999980673,0.9635943999746814,0.3345325000700541,1.7776173000456765,3010,5,1.7452594924804998e-11,1.9872267720266718e-08,4.7077289608892094e-11,0.0,0.0,1.9872267720266718e-08,0.0,0.0,0.0
4556,1,10,10,44,3,36,2,80,3,0,0,6,6,6,1,1650646.7636577266,1650646.7636577266,1650646.7636577266,0.007561800011899322,1.4741531999898143,0.9795106999808922,0.19556740002008155,0.2990611999994144,0.951623099972494,0.3112960000289604,1.793011000030674,3010,5,2.5674684600573983e-11,1.9952209329154852e-08,4.583363411489937e-11,0.0,0.0,1.9952209329154852e-08,0.0,0.0,0.0
302,1,10,10,4,2,2,1,6,2,0,0,8,8,8,1,1586817.0131769283,1586817.0131769283,1586817.0131769283,0.008856000029481947,1.4218090000213124,0.9810852000373416,0.16901049995794892,0.27168830001028255,0.9544426999636926,0.3086963999667205,1.7393614000175148,3010,5,1.998679000081438e-11,1.9888711048447268e-08,9.136091535195776e-11,0.0,0.0,1.9888711048447268e-08,0.0,0.0,0.0
1510,1,10,10,0,0,0,0,0,0,0,0,2,2,2,1,1446240.5017808517,1446240.5017808517,1446240.5017808517,0.008460799988824874,1.4386873000185005,0.9904663999914192,0.15738290001172572,0.2907936000265181,0.9631374999880791,0.29928540001856163,1.746433500025887,3010,5,1.7203682922684038e-11,1.9869154469868496e-08,3.5099814340972524e-11,0.0,0.0,1.9869154469868496e-08,0.0,0.0,0.0
4736,1,10,10,0,0,0,0,0,0,0,0,3,3,3,1,1576933.0141922191,1576933.0141922191,1576933.0141922191,0.01034300000173971,1.4244961999938823,0.977772299956996,0.1596461000153795,0.28702699998393655,0.9520786999491975,0.31007189996307716,1.7449110999586992,3010,5,2.4933055620124378e-11,1.988102460437345e-08,3.570832723923115e-11,0.0,0.0,1.988102460437345e-08,0.0,0.0,0.0
1772,1,10,10,27,2,8,3,35,3,0,0,6,6,6,1,1631461.4161778514,1631461.4161778514,1631461.4161778514,0.011980799958109856,1.4515721999923699,0.9793781999615021,0.17391030001454055,0.2982622000272386,0.9533148999908008,0.31940730003407225,1.782960299984552,3010,5,2.8784308270246584e-11,1.9909737747347817e-08,4.093203347057832e-11,0.0,0.0,1.9909737747347817e-08,0.0,0.0,0.0
1718,1,10,10,16,1,5,1,21,1,0,0,0,0,0,1,1501642.9363905068,1501642.9363905068,1501642.9363905068,0.011395799985621125,1.4255233999574557,0.9786639999947511,0.16525149997323751,0.2815546999918297,0.9518788999994285,0.30207230005180463,1.7389914999948815,3010,5,1.94112503848487e-11,1.989386433365324e-08,3.7340230017245094e-11,0.0,0.0,1.989386433365324e-08,0.0,0.0,0.0
537,1,10,10,3,1,0,0,3,1,0,0,9,9,9,1,1640429.4710657094,1640429.4710657094,1640429.4710657094,0.013743300049100071,1.4297953000059351,0.981157100002747,0.18497140001272783,0.26365160004934296,0.9543963999603875,0.30602219997672364,1.7495608000317588,3010,5,3.503830559026255e-11,1.9900777322353237e-08,3.5623679831968935e-11,0.0,0.0,1.9900777322353237e-08,0.0,0.0,0.0
2213,1,10,8,18,1,5,1,23,1,0,0,3,3,2,1,1632717.0420038572,1632717.0420038572,1632717.0420038572,0.010812399967107922,1.4467474999837577,0.9788644999498501,0.18717400002060458,0.28068800002802163,0.9523171000182629,0.3221896000322886,1.7797494999831542,3010,5,2.757627459715195e-11,1.9886098323595986e-08,4.1566823193411345e-11,0.0,0.0,1.9886098323595986e-08,0.0,0.0,0.0
2843,1,10,10,21,4,13,3,34,4,0,0,7,7,7,1,1635485.1435944354,1635485.1435944354,1635485.1435944354,0.009424699994269758,1.4558009000029415,0.9812620999873616,0.19700330001069233,0.27752189995953813,0.9541012999834493,0.3236124999821186,1.7888380999793299,3010,5,1.9338308732130827e-11,1.9905679882192812e-08,4.753912672850985e-11,0.0,0.0,1.9905679882192812e-08,0.0,0.0,0.0
3309,1,10,10,20,1,1,1,21,1,0,0,7,7,7,1,1589414.4472062837,1589414.4472062837,1589414.4472062837,0.008687700028531253,1.4277200000360608,0.9756454000016674,0.18013250001240522,0.27191820001462474,0.9489506999962032,0.27412279992131516,1.7105304999859072,3010,5,3.923916747083922e-11,1.9877270200178506e-08,4.7051061820561035e-11,0.0,0.0,1.9877270200178506e-08,0.0,0.0,0.0
4640,1,10,10,64,4,50,2,114,4,0,0,7,7,7,1,1596076.7518883715,1596076.7518883715,1596076.7518883715,0.008751200046390295,1.4350481999572366,0.9769091999623924,0.18802150001283735,0.2701023999834433,0.9507095000008121,0.29776510008377954,1.7415645000874065,3010,5,2.915490071586646e-11,1.990117145152698e-08,4.6770435175330646e-11,0.0,0.0,1.990117145152698e-08,0.0,0.0,0.0
1529,1,10,10,21,2,0,0,21,2,0,0,9,9,9,1,1659814.2419928182,1659814.2419928182,1659814.2419928182,0.00814579997677356,1.457485299964901,0.9786142999655567,0.20374279998941347,0.2751149999676272,0.9522686999989673,0.30939990002661943,1.775030999968294,3010,5,2.7478908037892325e-11,1.9920052644432436e-08,3.752592034714722e-11,0.0,0.0,1.9920052644432436e-08,0.0,0.0,0.0
4362,1,10,10,5,1,0,0,5,1,0,0,8,8,8,1,1591042.6669430102,1591042.6669430102,1591042.6669430102,0.008631400007288903,1.435715799976606,0.9825295999762602,0.18364000000292435,0.2695251000113785,0.9561567999771796,0.3084110000054352,1.75275819998933,3010,5,2.238886853689337e-11,1.9916753431677593e-08,4.1105327013338634e-11,0.0,0.0,1.9916753431677593e-08,0.0,0.0,0.0
3991,1,10,8,0,0,0,0,0,0,0,0,7,7,7,1,1399887.0000251224,1399887.0000251224,1399887.0000251224,0.008842600043863058,1.4058212999952957,0.9776802999549545,0.15760959999170154,0.2704908000305295,0.9513047999935225,0.2946595999528654,1.7093234999920242,3010,5,1.4840684237071855e-11,1.9901436979867034e-08,5.5125821550995e-11,0.0,0.0,1.9901436979867034e-08,0.0,0.0,0.0
3091,1,10,10,6,1,2,1,8,1,0,0,6,6,6,1,1641084.3061822855,1641084.3061822855,1641084.3061822855,0.008578800014220178,1.450935200031381,0.9888001999934204,0.18616079998901114,0.2759614000096917,0.9624790999805555,0.3009885000064969,1.7605025000520982,3010,5,3.0602187450767815e-11,1.4128508385446992e-07,3.5546831803811205e-11,0.0,0.0,1.993746834294539e-08,0.0,0.0,1.4128508385446992e-07
3866,1,10,10,0,0,0,0,0,0,0,0,0,0,0,1,1469872.1873061555,1469872.1873061555,1469872.1873061555,0.01187950000166893,1.4310089999926277,0.9764701999956742,0.17011269996874034,0.28437780000967905,0.9511467000120319,0.3198562999605201,1.7627447999548167,3010,5,1.7592927115117618e-11,1.9865975531274655e-08,4.730793245103383e-11,0.0,0.0,1.9865975531274655e-08,0.0,0.0,0.0
4958,1,10,10,15,1,1,1,16,1,0,0,8,8,8,1,1625650.4699561438,1625650.4699561438,1625650.4699561438,0.008525700017344207,1.435510199982673,0.9815474000060931,0.17636330000823364,0.27758619998348877,0.9538814999978058,0.3058282000129111,1.7498641000129282,3010,5,2.2343127348278813e-11,1.9906516250204694e-08,3.421389973823148e-11,0.0,0.0,1.9906516250204694e-08,0.0,0.0,0.0
3385,1,10,8,3,1,0,0,3,1,0,0,9,9,4,1,1708911.092288212,1708911.092288212,1708911.092288212,0.009482700028456748,1.4307618999737315,0.9759067999548279,0.1782645999919623,0.2765674999682233,0.9497520999866538,0.315288900048472,1.7555335000506602,3010,5,2.6845303757738748e-11,1.9913054538633884e-08,3.569271494740215e-11,0.0,0.0,1.9913054538633884e-08,0.0,0.0,0.0
4957,1,10,10,4,1,0,0,4,1,0,0,5,5,5,1,1676583.2761476354,1676583.2761476354,1676583.2761476354,0.00951040000654757,1.4441795999882743,0.968641999992542,0.17203399998834357,0.30348989996127784,0.9442095999838784,0.3614261000184342,1.815116100013256,3010,5,2.6867286173626326e-11,9.536743172944284e-08,3.549304989740827e-11,0.0,0.0,1.9877627321918096e-08,0.0,0.0,9.536743172944284e-08
1758,1,10,10,2,1,0,0,2,1,0,0,5,5,5,1,1588021.6094552292,1588021.6094552292,1588021.6094552292,0.009442500013392419,1.4357991000288166,0.9917099000304006,0.1775238000554964,0.2665452000219375,0.964003800007049,0.2954050999833271,1.7406467000255361,3010,5,2.7426061421920167e-11,1.4128508385446992e-07,8.743252867315733e-11,0.0,0.0,1.9885039910979175e-08,0.0,0.0,1.4128508385446992e-07
1592,1,10,10,69,4,11,3,80,4,0,0,8,8,8,1,1617217.4255620716,1617217.4255620716,1617217.4255620716,0.008685400011017919,1.4471504000248387,0.9807444000034593,0.19105969998054206,0.27532429998973384,0.9538853000267409,0.2907699000206776,1.7466057000565343,3010,5,2.002253918220731e-11,1.9911540934576978e-08,1.322889047666723e-10,0.0,0.0,1.9911540934576978e-08,0.0,0.0,0.0
566,1,10,10,1,1,0,0,1,1,0,0,9,9,9,1,1581597.0367180454,1581597.0367180454,1581597.0367180454,0.010589800018351525,1.4354128999984823,0.982869999948889,0.18060399999376386,0.271916700003203,0.9554819000186399,0.2941006999462843,1.7401033999631181,3010,5,2.4987345526028548e-11,9.536743172944284e-08,4.146801915253414e-11,0.0,0.0,1.9926996164265615e-08,0.0,0.0,9.536743172944284e-08
3796,1,10,10,10,1,5,1,15,1,0,0,4,4,4,1,1605738.2656019484,1605738.2656019484,1605738.2656019484,0.008892000012565404,1.4385008999961428,0.9768012000131421,0.18756269995355979,0.27411479997681454,0.9498127999831922,0.29860169999301434,1.7459946000017226,3010,5,2.5342838938513523e-11,1.988871567437654e-08,3.996095240675019e-11,0.0,0.0,1.988871567437654e-08,0.0,0.0,0.0
1448,1,10,10,12,1,3,1,15,1,0,0,8,8,8,1,1689969.6738158148,1689969.6738158148,1689969.6738158148,0.009051800007000566,1.4343149999622256,0.9773032999946736,0.18890399998053908,0.26810059999115765,0.9510399000137113,0.3006270000478253,1.7439938000170514,3010,5,2.206934635040625e-11,1.9877579212253694e-08,3.9955051888907534e-11,0.0,0.0,1.9877579212253694e-08,0.0,0.0,0.0
2627,1,10,10,0,0,0,0,0,0,0,0,5,5,5,1,1392149.3269619744,1392149.3269619744,1392149.3269619744,0.008214999979827553,1.4213080999907106,0.9805393000133336,0.15889340004650876,0.2818206999800168,0.9537089000223204,0.3023308000410907,1.7318539000116289,3010,5,1.3187340108800072e-11,1.9889243955499088e-08,4.7390235624155216e-11,0.0,0.0,1.9889243955499088e-08,0.0,0.0,0.0
4120,1,10,10,12,2,6,1,18,2,0,0,2,2,2,1,1635354.6458802882,1635354.6458802882,1635354.6458802882,0.008519899973180145,1.4242740999907255,0.9801394999958575,0.16788680001627654,0.2762328999815509,0.9534316000062972,0.2934675000142306,1.7262614999781363,3010,5,2.0905499553691698e-11,1.9903467762816246e-08,6.436115246132088e-11,0.0,0.0,1.9903467762816246e-08,0.0,0.0,0.0
4617,1,10,10,14,1,8,1,22,1,0,0,1,1,1,1,1550906.5491719516,1550906.5491719516,1550906.5491719516,0.009028000000398606,1.4307616999722086,0.9790150999906473,0.16996169998310506,0.28177070000674576,0.9532262000138871,0.2969059000024572,1.7366955999750644,3010,5,2.3867019471879303e-11,1.4395084013685278e-07,3.722527423418224e-11,0.0,0.0,1.995301331566185e-08,0.0,0.0,1.4395084013685278e-07
1556,1,10,10,1,1,0,0,1,1,0,0,4,4,4,1,1691191.5406652454,1691191.5406652454,1691191.5406652454,0.007852799957618117,1.4245637999847531,0.9770014000241645,0.16415470000356436,0.2833853999618441,0.9499816999887116,0.32654629996977746,1.7589628999121487,3010,5,2.1197599231470576e-11,1.9873445481858672e-08,3.723443460115324e-11,0.0,0.0,1.9873445481858672e-08,0.0,0.0,0.0
2003,1,10,10,7,1,1,1,8,1,0,0,5,5,5,1,1641171.41213099,1641171.41213099,1641171.41213099,0.011185100011061877,1.444076900021173,0.9831294000032358,0.17572300002211705,0.28520330000901595,0.9568427000194788,0.30108339997241274,1.7563454000046477,3010,5,2.178124347551602e-11,1.9866864634880206e-08,3.566703805070793e-11,0.0,0.0,1.9866864634880206e-08,0.0,0.0,0.0
3336,1,10,10,0,0,0,0,0,0,0,0,6,6,6,1,1410642.4156841012,1410642.4156841012,1410642.4156841012,0.008894699974916875,1.4188431999646127,0.9810174999875017,0.1513979999581352,0.2863664999604225,0.9550604000105523,0.32340440002735704,1.7511422999668866,3010,5,1.251687642422894e-11,1.9918830473919497e-08,4.0528031324607446e-11,0.0,0.0,1.9918830473919497e-08,0.0,0.0,0.0
3631,1,10,10,11,2,1,1,12,2,0,0,0,0,0,1,1667598.7964353373,1667598.7964353373,1667598.7964353373,0.009877200005576015,1.464142200013157,0.9777741999714635,0.1980551000451669,0.28829050000058487,0.9510571000282653,0.31991720001678914,1.7939366000355221,3010,5,2.814426469655018e-11,1.993045913491659e-08,3.5423758868820765e-11,0.0,0.0,1.993045913491659e-08,0.0,0.0,0.0
1501,1,10,10,0,0,0,0,0,0,0,0,8,8,8,1,1466923.5731882083,1466923.5731882083,1466923.5731882083,0.009958699985872954,1.4249999999883585,0.9851484999526292,0.14903480000793934,0.2907577999867499,0.9581092000007629,0.3213452000054531,1.7563038999796845,3010,5,1.4596990283166633e-11,1.990470011037358e-08,4.7120488220326e-11,0.0,0.0,1.990470011037358e-08,0.0,0.0,0.0
4369,1,10,9,18,1,0,0,18,1,0,0,9,9,9,1,1634821.455027618,1634821.455027618,1634821.455027618,0.009992700011935085,1.4399839999969117,0.9831010000198148,0.17481820000102744,0.2820511999889277,0.9566595000214875,0.3034697999828495,1.7534464999916963,3010,5,2.0040857862113626e-11,1.9873308554352304e-08,4.1296984354900924e-11,0.0,0.0,1.9873308554352304e-08,0.0,0.0,0.0
24,1,10,10,20,1,0,0,20,1,0,0,7,7,7,1,1690478.8848215663,1690478.8848215663,1690478.8848215663,0.008941400039475411,1.4636510999989696,0.9799693000386469,0.18793879996519536,0.295729500008747,0.9533798000193201,0.3238627000246197,1.7964552000630647,3010,5,2.25164331624228e-11,1.9910229946222065e-08,2.980623692302785e-11,0.0,0.0,1.9910229946222065e-08,0.0,0.0,0.0
4837,1,10,9,0,0,0,0,0,0,0,0,4,4,2,1,1628155.216284828,1628155.216284828,1628155.216284828,0.008767399995122105,1.4281064000097103,0.983110300032422,0.16594569996232167,0.27900390001013875,0.955809099948965,0.29670760000590235,1.7335814000107348,3010,5,2.0185964011432134e-11,1.9975961625580852e-08,4.0659499193501585e-11,0.0,0.0,1.9975961625580852e-08,0.0,0.0,0.0
243,1,10,10,1,1,0,0,1,1,0,0,8,8,8,1,1631208.2555111633,1631208.2555111633,1631208.2555111633,0.008130799978971481,1.4354138000053354,0.9852709000115283,0.17890910001005977,0.2712128999992274,0.9599852999672294,0.30920639995019883,1.7527509999345057,3010,5,3.904010448252393e-11,1.9914755030233267e-08,4.126842763777847e-11,0.0,0.0,1.9914755030233267e-08,0.0,0.0,0.0
3317,1,10,10,65,2,20,1,85,2,0,0,4,4,4,1,1644681.8754728443,1644681.8754728443,1644681.8754728443,0.009510700008831918,1.4397021000040695,0.9817871999694034,0.18343249999452382,0.2744677000446245,0.9552051000064239,0.31907030002912506,1.7682831000420265,3010,5,3.330946629631626e-11,1.9889581648335747e-08,4.148562145686094e-11,0.0,0.0,1.9889581648335747e-08,0.0,0.0,0.0
640,1,10,10,0,0,0,0,0,0,0,0,3,3,3,1,1538922.7430863734,1538922.7430863734,1538922.7430863734,0.011320699995849282,1.4339230000041425,0.9863435000297613,0.173060400004033,0.27447929995832965,0.9583344000275247,0.2945556999766268,1.7397993999766186,3010,5,1.926436787869079e-11,1.994295284468704e-08,4.11635000062884e-11,0.0,0.0,1.994295284468704e-08,0.0,0.0,0.0
1931,1,10,10,0,0,0,0,0,0,0,0,9,9,9,1,1443053.1957032348,1443053.1957032348,1443053.1957032348,0.014597699977457523,1.4131535000051372,0.985352799994871,0.1574473000364378,0.27030749997356907,0.9581953999586403,0.29354199999943376,1.7212931999820285,3010,5,1.3427814415933881e-11,1.9869538421997846e-08,3.1439125358278156e-11,0.0,0.0,1.9869538421997846e-08,0.0,0.0,0.0
4821,1,10,9,6,1,1,1,7,2,0,0,1,1,2,1,1645527.9364928128,1645527.9364928128,1645527.9364928128,0.009548400004860014,1.4424246000126004,0.9821667000069283,0.18090569996275008,0.27933910000137985,0.9550722000421956,0.3059379000333138,1.7579109000507742,3010,5,2.6052049406644073e-11,1.836430908186415e-05,4.670056863789775e-11,0.0,0.0,1.9909942213421517e-08,0.0,1.836430908186415e-05,0.0
530,1,10,9,0,0,0,0,0,0,0,0,2,2,6,1,1713927.8216544853,1713927.8216544853,1713927.8216544853,0.008598299988079816,1.4241922000073828,0.9742359999800101,0.18283800000790507,0.2670749999815598,0.9489383000181988,0.31657450000056997,1.7493649999960326,3010,5,3.629252454118159e-11,1.4395084013685278e-07,4.1547208506066344e-11,0.0,0.0,1.9972693869145038e-08,0.0,0.0,1.4395084013685278e-07
4454,1,10,10,10,1,2,1,12,1,0,0,9,9,9,1,1652529.7161401669,1652529.7161401669,1652529.7161401669,0.008839899965096265,1.4327607000013813,0.979858200007584,0.1835428000194952,0.269344899978023,0.9524214999983087,0.3089166000136174,1.750517199980095,3010,5,2.330202697464756e-11,1.9895841455822923e-08,3.565011044630802e-11,0.0,0.0,1.9895841455822923e-08,0.0,0.0,0.0
